,district,building_type,heat_source,value
5340,"Stuttgart, Kreisfreie Stadt",100,0,0.5452
5341,"Stuttgart, Kreisfreie Stadt",100,4,0.1697
5342,"Stuttgart, Kreisfreie Stadt",100,2,0.3395
5343,"Stuttgart, Kreisfreie Stadt",100,3,0.0944
5344,"Stuttgart, Kreisfreie Stadt",100,1,0.4052
5345,"Stuttgart, Kreisfreie Stadt",11,0,0.5279
5346,"Stuttgart, Kreisfreie Stadt",38,0,0.2751
5347,"Stuttgart, Kreisfreie Stadt",9,0,0.3645
5348,"Stuttgart, Kreisfreie Stadt",1,0,0.7692
5349,"Stuttgart, Kreisfreie Stadt",6,0,0.664
5350,"Stuttgart, Kreisfreie Stadt",11,4,0.1548
5351,"Stuttgart, Kreisfreie Stadt",38,4,0.0771
5352,"Stuttgart, Kreisfreie Stadt",9,4,0.1064
5353,"Stuttgart, Kreisfreie Stadt",1,4,0.2718
5354,"Stuttgart, Kreisfreie Stadt",6,4,0.1957
5355,"Stuttgart, Kreisfreie Stadt",11,2,0.3287
5356,"Stuttgart, Kreisfreie Stadt",38,2,0.1807
5357,"Stuttgart, Kreisfreie Stadt",9,2,0.2234
5358,"Stuttgart, Kreisfreie Stadt",1,2,0.485
5359,"Stuttgart, Kreisfreie Stadt",6,2,0.4057
5360,"Stuttgart, Kreisfreie Stadt",11,3,0.0849
5361,"Stuttgart, Kreisfreie Stadt",38,3,0.0274
5362,"Stuttgart, Kreisfreie Stadt",9,3,0.0524
5363,"Stuttgart, Kreisfreie Stadt",1,3,0.1514
5364,"Stuttgart, Kreisfreie Stadt",6,3,0.1243
5365,"Stuttgart, Kreisfreie Stadt",11,1,0.3496
5366,"Stuttgart, Kreisfreie Stadt",38,1,0.1491
5367,"Stuttgart, Kreisfreie Stadt",9,1,0.2346
5368,"Stuttgart, Kreisfreie Stadt",1,1,0.644
5369,"Stuttgart, Kreisfreie Stadt",6,1,0.5249
5370,Böblingen,100,0,0.6385
5371,Böblingen,11,3,0.0571
5372,Böblingen,6,3,0.0893
5373,Böblingen,38,3,0.0422
5374,Böblingen,1,1,0.728
5375,Böblingen,9,1,0.2642
5376,Böblingen,11,1,0.4115
5377,Böblingen,6,1,0.5729
5378,Böblingen,38,1,0.2009
5379,Böblingen,100,4,0.1947
5380,Böblingen,100,2,0.2506
5381,Böblingen,100,3,0.0753
5382,Böblingen,100,1,0.5419
5383,Böblingen,1,0,0.8004
5384,Böblingen,9,0,0.3631
5385,Böblingen,11,0,0.5561
5386,Böblingen,6,0,0.6736
5387,Böblingen,38,0,0.3246
5388,Böblingen,1,4,0.2609
5389,Böblingen,9,4,0.1017
5390,Böblingen,11,4,0.146
5391,Böblingen,6,4,0.1951
5392,Böblingen,38,4,0.0913
5393,Böblingen,1,2,0.288
5394,Böblingen,9,2,0.1668
5395,Böblingen,11,2,0.2281
5396,Böblingen,6,2,0.2904
5397,Böblingen,38,2,0.1769
5398,Böblingen,1,3,0.0945
5399,Böblingen,9,3,0.043
5400,Esslingen,100,0,0.654
5401,Esslingen,100,4,0.204
5402,Esslingen,100,2,0.3835
5403,Esslingen,100,3,0.1264
5404,Esslingen,100,1,0.5323
5405,Esslingen,38,0,0.3249
5406,Esslingen,9,0,0.3935
5407,Esslingen,11,0,0.5926
5408,Esslingen,1,0,0.8219
5409,Esslingen,6,0,0.699
5410,Esslingen,38,4,0.0787
5411,Esslingen,9,4,0.11
5412,Esslingen,11,4,0.1551
5413,Esslingen,1,4,0.2828
5414,Esslingen,6,4,0.207
5415,Esslingen,38,2,0.1953
5416,Esslingen,9,2,0.225
5417,Esslingen,11,2,0.3415
5418,Esslingen,1,2,0.4827
5419,Esslingen,6,2,0.4199
5420,Esslingen,38,3,0.0329
5421,Esslingen,9,3,0.0619
5422,Esslingen,11,3,0.0972
5423,Esslingen,1,3,0.1743
5424,Esslingen,6,3,0.1413
5425,Esslingen,38,1,0.1973
5426,Esslingen,9,1,0.2763
5427,Esslingen,11,1,0.4157
5428,Esslingen,1,1,0.7274
5429,Esslingen,6,1,0.5688
5430,Göppingen,100,0,0.7623
5431,Göppingen,100,4,0.2798
5432,Göppingen,100,2,0.4282
5433,Göppingen,100,3,0.1665
5434,Göppingen,100,1,0.6704
5435,Göppingen,38,0,0.3064
5436,Göppingen,6,0,0.7469
5437,Göppingen,11,0,0.6409
5438,Göppingen,1,0,0.8742
5439,Göppingen,9,0,0.4404
5440,Göppingen,38,4,0.0963
5441,Göppingen,6,4,0.2567
5442,Göppingen,11,4,0.1726
5443,Göppingen,1,4,0.3439
5444,Göppingen,9,4,0.1345
5445,Göppingen,38,2,0.167
5446,Göppingen,6,2,0.4287
5447,Göppingen,11,2,0.3527
5448,Göppingen,1,2,0.4914
5449,Göppingen,9,2,0.2485
5450,Göppingen,38,3,0.0366
5451,Göppingen,6,3,0.1731
5452,Göppingen,11,3,0.1049
5453,Göppingen,1,3,0.2032
5454,Göppingen,9,3,0.074
5455,Göppingen,38,1,0.1996
5456,Göppingen,6,1,0.6515
5457,Göppingen,11,1,0.4634
5458,Göppingen,1,1,0.8092
5459,Göppingen,9,1,0.317
5460,Ludwigsburg,100,0,0.6433
5461,Ludwigsburg,100,4,0.1957
5462,Ludwigsburg,100,2,0.3399
5463,Ludwigsburg,100,3,0.0945
5464,Ludwigsburg,100,1,0.5344
5465,Ludwigsburg,11,0,0.5852
5466,Ludwigsburg,1,0,0.808
5467,Ludwigsburg,9,0,0.3976
5468,Ludwigsburg,6,0,0.6932
5469,Ludwigsburg,38,0,0.3189
5470,Ludwigsburg,11,4,0.1488
5471,Ludwigsburg,1,4,0.2656
5472,Ludwigsburg,9,4,0.1111
5473,Ludwigsburg,6,4,0.2053
5474,Ludwigsburg,38,4,0.0832
5475,Ludwigsburg,11,2,0.302
5476,Ludwigsburg,1,2,0.4244
5477,Ludwigsburg,9,2,0.2021
5478,Ludwigsburg,6,2,0.3893
5479,Ludwigsburg,38,2,0.1838
5480,Ludwigsburg,11,3,0.0738
5481,Ludwigsburg,1,3,0.1282
5482,Ludwigsburg,9,3,0.0482
5483,Ludwigsburg,6,3,0.1105
5484,Ludwigsburg,38,3,0.0274
5485,Ludwigsburg,11,1,0.4334
5486,Ludwigsburg,1,1,0.7202
5487,Ludwigsburg,9,1,0.2972
5488,Ludwigsburg,6,1,0.5654
5489,Ludwigsburg,38,1,0.1965
5490,Rems-Murr-Kreis,9,2,0.2336
5491,Rems-Murr-Kreis,38,2,0.185
5492,Rems-Murr-Kreis,1,3,0.2104
5493,Rems-Murr-Kreis,11,3,0.0921
5494,Rems-Murr-Kreis,6,3,0.1355
5495,Rems-Murr-Kreis,9,3,0.0569
5496,Rems-Murr-Kreis,38,3,0.0256
5497,Rems-Murr-Kreis,1,1,0.7216
5498,Rems-Murr-Kreis,11,1,0.4041
5499,Rems-Murr-Kreis,6,1,0.5369
5500,Rems-Murr-Kreis,9,1,0.2976
5501,Rems-Murr-Kreis,38,1,0.2064
5502,Rems-Murr-Kreis,100,0,0.7003
5503,Rems-Murr-Kreis,100,4,0.2433
5504,Rems-Murr-Kreis,100,2,0.4425
5505,Rems-Murr-Kreis,100,3,0.1572
5506,Rems-Murr-Kreis,100,1,0.5795
5507,Rems-Murr-Kreis,1,0,0.8246
5508,Rems-Murr-Kreis,11,0,0.5809
5509,Rems-Murr-Kreis,6,0,0.673
5510,Rems-Murr-Kreis,9,0,0.416
5511,Rems-Murr-Kreis,38,0,0.3221
5512,Rems-Murr-Kreis,1,4,0.3186
5513,Rems-Murr-Kreis,11,4,0.1515
5514,Rems-Murr-Kreis,6,4,0.2028
5515,Rems-Murr-Kreis,9,4,0.1114
5516,Rems-Murr-Kreis,38,4,0.0693
5517,Rems-Murr-Kreis,1,2,0.5347
5518,Rems-Murr-Kreis,11,2,0.3435
5519,Rems-Murr-Kreis,6,2,0.4245
5520,"Heilbronn, Kreisfreie Stadt",100,0,0.5842
5521,"Heilbronn, Kreisfreie Stadt",100,4,0.1707
5522,"Heilbronn, Kreisfreie Stadt",100,2,0.3075
5523,"Heilbronn, Kreisfreie Stadt",100,3,0.0769
5524,"Heilbronn, Kreisfreie Stadt",100,1,0.4714
5525,"Heilbronn, Kreisfreie Stadt",11,0,0.4624
5526,"Heilbronn, Kreisfreie Stadt",6,0,0.6701
5527,"Heilbronn, Kreisfreie Stadt",1,0,0.7814
5528,"Heilbronn, Kreisfreie Stadt",9,0,0.3586
5529,"Heilbronn, Kreisfreie Stadt",38,0,0.2707
5530,"Heilbronn, Kreisfreie Stadt",11,4,0.1228
5531,"Heilbronn, Kreisfreie Stadt",6,4,0.1903
5532,"Heilbronn, Kreisfreie Stadt",1,4,0.2396
5533,"Heilbronn, Kreisfreie Stadt",9,4,0.1026
5534,"Heilbronn, Kreisfreie Stadt",38,4,0.0727
5535,"Heilbronn, Kreisfreie Stadt",11,2,0.2556
5536,"Heilbronn, Kreisfreie Stadt",6,2,0.3787
5537,"Heilbronn, Kreisfreie Stadt",1,2,0.3903
5538,"Heilbronn, Kreisfreie Stadt",9,2,0.1891
5539,"Heilbronn, Kreisfreie Stadt",38,2,0.1589
5540,"Heilbronn, Kreisfreie Stadt",11,3,0.0547
5541,"Heilbronn, Kreisfreie Stadt",6,3,0.109
5542,"Heilbronn, Kreisfreie Stadt",1,3,0.1036
5543,"Heilbronn, Kreisfreie Stadt",9,3,0.0399
5544,"Heilbronn, Kreisfreie Stadt",38,3,0.0215
5545,"Heilbronn, Kreisfreie Stadt",11,1,0.3158
5546,"Heilbronn, Kreisfreie Stadt",6,1,0.5524
5547,"Heilbronn, Kreisfreie Stadt",1,1,0.6901
5548,"Heilbronn, Kreisfreie Stadt",9,1,0.2497
5549,"Heilbronn, Kreisfreie Stadt",38,1,0.1428
5550,Heilbronn,100,0,0.738
5551,Heilbronn,100,4,0.2871
5552,Heilbronn,100,2,0.4038
5553,Heilbronn,100,3,0.1629
5554,Heilbronn,100,1,0.6525
5555,Heilbronn,9,0,0.405
5556,Heilbronn,38,0,0.2775
5557,Heilbronn,1,0,0.8761
5558,Heilbronn,11,0,0.6183
5559,Heilbronn,6,0,0.7726
5560,Heilbronn,9,4,0.1109
5561,Heilbronn,38,4,0.0879
5562,Heilbronn,1,4,0.3704
5563,Heilbronn,11,4,0.1768
5564,Heilbronn,6,4,0.2895
5565,Heilbronn,9,2,0.1815
5566,Heilbronn,38,2,0.1459
5567,Heilbronn,1,2,0.4941
5568,Heilbronn,11,2,0.3109
5569,Heilbronn,6,2,0.4338
5570,Heilbronn,9,3,0.047
5571,Heilbronn,38,3,0.0336
5572,Heilbronn,1,3,0.2165
5573,Heilbronn,11,3,0.0911
5574,Heilbronn,6,3,0.1705
5575,Heilbronn,9,1,0.3124
5576,Heilbronn,38,1,0.1825
5577,Heilbronn,1,1,0.8135
5578,Heilbronn,11,1,0.4621
5579,Heilbronn,6,1,0.6634
5580,Hohenlohekreis,100,0,0.8075
5581,Hohenlohekreis,100,4,0.394
5582,Hohenlohekreis,100,2,0.4909
5583,Hohenlohekreis,100,3,0.2514
5584,Hohenlohekreis,100,1,0.7221
5585,Hohenlohekreis,11,0,0.6621
5586,Hohenlohekreis,6,0,0.7923
5587,Hohenlohekreis,9,0,0.4161
5588,Hohenlohekreis,1,0,0.8936
5589,Hohenlohekreis,38,0,0.3372
5590,Hohenlohekreis,11,4,0.2389
5591,Hohenlohekreis,6,4,0.3577
5592,Hohenlohekreis,9,4,0.1367
5593,Hohenlohekreis,1,4,0.4592
5594,Hohenlohekreis,38,4,0.1249
5595,Hohenlohekreis,11,2,0.3441
5596,Hohenlohekreis,6,2,0.4789
5597,Hohenlohekreis,9,2,0.2043
5598,Hohenlohekreis,1,2,0.5552
5599,Hohenlohekreis,38,2,0.2178
5600,Hohenlohekreis,11,3,0.1275
5601,Hohenlohekreis,6,3,0.2468
5602,Hohenlohekreis,9,3,0.0625
5603,Hohenlohekreis,1,3,0.2976
5604,Hohenlohekreis,38,3,0.0578
5605,Hohenlohekreis,11,1,0.4962
5606,Hohenlohekreis,6,1,0.6757
5607,Hohenlohekreis,9,1,0.3119
5608,Hohenlohekreis,1,1,0.8272
5609,Hohenlohekreis,38,1,0.1959
5610,Schwäbisch Hall,100,0,0.8238
5611,Schwäbisch Hall,100,4,0.3871
5612,Schwäbisch Hall,100,2,0.5379
5613,Schwäbisch Hall,100,3,0.2845
5614,Schwäbisch Hall,100,1,0.7322
5615,Schwäbisch Hall,6,0,0.8077
5616,Schwäbisch Hall,11,0,0.7062
5617,Schwäbisch Hall,38,0,0.3601
5618,Schwäbisch Hall,1,0,0.9151
5619,Schwäbisch Hall,9,0,0.4925
5620,Schwäbisch Hall,6,4,0.3421
5621,Schwäbisch Hall,11,4,0.248
5622,Schwäbisch Hall,38,4,0.1276
5623,Schwäbisch Hall,1,4,0.4541
5624,Schwäbisch Hall,9,4,0.1803
5625,Schwäbisch Hall,6,2,0.5136
5626,Schwäbisch Hall,11,2,0.4285
5627,Schwäbisch Hall,38,2,0.2434
5628,Schwäbisch Hall,1,2,0.6061
5629,Schwäbisch Hall,9,2,0.2902
5630,Schwäbisch Hall,6,3,0.2747
5631,Schwäbisch Hall,11,3,0.1736
5632,Schwäbisch Hall,38,3,0.0708
5633,Schwäbisch Hall,1,3,0.3372
5634,Schwäbisch Hall,9,3,0.1068
5635,Schwäbisch Hall,6,1,0.6824
5636,Schwäbisch Hall,11,1,0.5058
5637,Schwäbisch Hall,38,1,0.21
5638,Schwäbisch Hall,1,1,0.8508
5639,Schwäbisch Hall,9,1,0.3588
5640,Main-Tauber-Kreis,100,0,0.7066
5641,Main-Tauber-Kreis,100,4,0.3187
5642,Main-Tauber-Kreis,100,2,0.3292
5643,Main-Tauber-Kreis,100,3,0.1516
5644,Main-Tauber-Kreis,100,1,0.639
5645,Main-Tauber-Kreis,6,0,0.7716
5646,Main-Tauber-Kreis,38,0,0.2371
5647,Main-Tauber-Kreis,9,0,0.4075
5648,Main-Tauber-Kreis,1,0,0.8593
5649,Main-Tauber-Kreis,11,0,0.6696
5650,Main-Tauber-Kreis,6,4,0.3439
5651,Main-Tauber-Kreis,38,4,0.0903
5652,Main-Tauber-Kreis,9,4,0.116
5653,Main-Tauber-Kreis,1,4,0.4182
5654,Main-Tauber-Kreis,11,4,0.2264
5655,Main-Tauber-Kreis,6,2,0.4064
5656,Main-Tauber-Kreis,38,2,0.106
5657,Main-Tauber-Kreis,9,2,0.1458
5658,Main-Tauber-Kreis,1,2,0.4083
5659,Main-Tauber-Kreis,11,2,0.3082
5660,Main-Tauber-Kreis,6,3,0.1784
5661,Main-Tauber-Kreis,38,3,0.0257
5662,Main-Tauber-Kreis,9,3,0.0435
5663,Main-Tauber-Kreis,1,3,0.2052
5664,Main-Tauber-Kreis,11,3,0.0934
5665,Main-Tauber-Kreis,6,1,0.6705
5666,Main-Tauber-Kreis,38,1,0.1603
5667,Main-Tauber-Kreis,9,1,0.3326
5668,Main-Tauber-Kreis,1,1,0.8085
5669,Main-Tauber-Kreis,11,1,0.5262
5670,Heidenheim,100,0,0.707
5671,Heidenheim,100,4,0.3009
5672,Heidenheim,100,2,0.0203
5673,Heidenheim,100,3,0.0097
5674,Heidenheim,100,1,0.6667
5675,Heidenheim,6,0,0.6953
5676,Heidenheim,9,0,0.3867
5677,Heidenheim,11,0,0.5008
5678,Heidenheim,38,0,0.23
5679,Heidenheim,1,0,0.8433
5680,Heidenheim,6,4,0.2923
5681,Heidenheim,9,4,0.1547
5682,Heidenheim,11,4,0.1763
5683,Heidenheim,38,4,0.0937
5684,Heidenheim,1,4,0.3678
5685,Heidenheim,6,2,0.0315
5686,Heidenheim,9,2,0.0036
5687,Heidenheim,11,2,0.0164
5688,Heidenheim,38,2,0.0127
5689,Heidenheim,1,2,0.0234
5690,Heidenheim,6,3,0.0148
5691,Heidenheim,9,3,0.0
5692,Heidenheim,11,3,0.0044
5693,Heidenheim,38,3,0.0015
5694,Heidenheim,1,3,0.0125
5695,Heidenheim,6,1,0.6483
5696,Heidenheim,9,1,0.3266
5697,Heidenheim,11,1,0.4309
5698,Heidenheim,38,1,0.1717
5699,Heidenheim,1,1,0.814
5700,Ostalbkreis,11,4,0.1842
5701,Ostalbkreis,1,4,0.3636
5702,Ostalbkreis,38,4,0.1033
5703,Ostalbkreis,9,2,0.2819
5704,Ostalbkreis,6,2,0.4891
5705,Ostalbkreis,11,2,0.4096
5706,Ostalbkreis,1,2,0.5598
5707,Ostalbkreis,38,2,0.2158
5708,Ostalbkreis,9,3,0.0704
5709,Ostalbkreis,6,3,0.1794
5710,Ostalbkreis,11,3,0.1134
5711,Ostalbkreis,1,3,0.2283
5712,Ostalbkreis,38,3,0.0455
5713,Ostalbkreis,9,1,0.2823
5714,Ostalbkreis,6,1,0.6047
5715,Ostalbkreis,11,1,0.4176
5716,Ostalbkreis,1,1,0.7805
5717,Ostalbkreis,38,1,0.1894
5718,Ostalbkreis,100,0,0.7766
5719,Ostalbkreis,100,4,0.3063
5720,Ostalbkreis,100,2,0.4991
5721,Ostalbkreis,100,3,0.1907
5722,Ostalbkreis,100,1,0.6588
5723,Ostalbkreis,9,0,0.4384
5724,Ostalbkreis,6,0,0.7589
5725,Ostalbkreis,11,0,0.6313
5726,Ostalbkreis,1,0,0.8728
5727,Ostalbkreis,38,0,0.3272
5728,Ostalbkreis,9,4,0.136
5729,Ostalbkreis,6,4,0.2762
5730,"Baden-Baden, Kreisfreie Stadt",100,0,0.6934
5731,"Baden-Baden, Kreisfreie Stadt",100,4,0.272
5732,"Baden-Baden, Kreisfreie Stadt",100,2,0.3538
5733,"Baden-Baden, Kreisfreie Stadt",100,3,0.1523
5734,"Baden-Baden, Kreisfreie Stadt",100,1,0.6062
5735,"Baden-Baden, Kreisfreie Stadt",11,0,0.6404
5736,"Baden-Baden, Kreisfreie Stadt",1,0,0.8697
5737,"Baden-Baden, Kreisfreie Stadt",6,0,0.7991
5738,"Baden-Baden, Kreisfreie Stadt",38,0,0.231
5739,"Baden-Baden, Kreisfreie Stadt",9,0,0.4209
5740,"Baden-Baden, Kreisfreie Stadt",11,4,0.2252
5741,"Baden-Baden, Kreisfreie Stadt",1,4,0.3779
5742,"Baden-Baden, Kreisfreie Stadt",6,4,0.2912
5743,"Baden-Baden, Kreisfreie Stadt",38,4,0.0466
5744,"Baden-Baden, Kreisfreie Stadt",9,4,0.1362
5745,"Baden-Baden, Kreisfreie Stadt",11,2,0.3324
5746,"Baden-Baden, Kreisfreie Stadt",1,2,0.4458
5747,"Baden-Baden, Kreisfreie Stadt",6,2,0.4253
5748,"Baden-Baden, Kreisfreie Stadt",38,2,0.1236
5749,"Baden-Baden, Kreisfreie Stadt",9,2,0.1851
5750,"Baden-Baden, Kreisfreie Stadt",11,3,0.114
5751,"Baden-Baden, Kreisfreie Stadt",1,3,0.2151
5752,"Baden-Baden, Kreisfreie Stadt",6,3,0.1839
5753,"Baden-Baden, Kreisfreie Stadt",38,3,0.0217
5754,"Baden-Baden, Kreisfreie Stadt",9,3,0.0597
5755,"Baden-Baden, Kreisfreie Stadt",11,1,0.4668
5756,"Baden-Baden, Kreisfreie Stadt",1,1,0.8126
5757,"Baden-Baden, Kreisfreie Stadt",6,1,0.7094
5758,"Baden-Baden, Kreisfreie Stadt",38,1,0.1573
5759,"Baden-Baden, Kreisfreie Stadt",9,1,0.3236
5760,"Karlsruhe, Kreisfreie Stadt",100,0,0.4568
5761,"Karlsruhe, Kreisfreie Stadt",100,4,0.1445
5762,"Karlsruhe, Kreisfreie Stadt",100,2,0.2168
5763,"Karlsruhe, Kreisfreie Stadt",100,3,0.0497
5764,"Karlsruhe, Kreisfreie Stadt",100,1,0.3524
5765,"Karlsruhe, Kreisfreie Stadt",11,0,0.5608
5766,"Karlsruhe, Kreisfreie Stadt",38,0,0.2142
5767,"Karlsruhe, Kreisfreie Stadt",1,0,0.8125
5768,"Karlsruhe, Kreisfreie Stadt",9,0,0.3321
5769,"Karlsruhe, Kreisfreie Stadt",6,0,0.7231
5770,"Karlsruhe, Kreisfreie Stadt",11,4,0.1571
5771,"Karlsruhe, Kreisfreie Stadt",38,4,0.0762
5772,"Karlsruhe, Kreisfreie Stadt",1,4,0.2914
5773,"Karlsruhe, Kreisfreie Stadt",9,4,0.0922
5774,"Karlsruhe, Kreisfreie Stadt",6,4,0.2081
5775,"Karlsruhe, Kreisfreie Stadt",11,2,0.2486
5776,"Karlsruhe, Kreisfreie Stadt",38,2,0.1106
5777,"Karlsruhe, Kreisfreie Stadt",1,2,0.385
5778,"Karlsruhe, Kreisfreie Stadt",9,2,0.1608
5779,"Karlsruhe, Kreisfreie Stadt",6,2,0.3327
5780,"Karlsruhe, Kreisfreie Stadt",11,3,0.0516
5781,"Karlsruhe, Kreisfreie Stadt",38,3,0.0112
5782,"Karlsruhe, Kreisfreie Stadt",1,3,0.1162
5783,"Karlsruhe, Kreisfreie Stadt",9,3,0.0324
5784,"Karlsruhe, Kreisfreie Stadt",6,3,0.0831
5785,"Karlsruhe, Kreisfreie Stadt",11,1,0.4134
5786,"Karlsruhe, Kreisfreie Stadt",38,1,0.1188
5787,"Karlsruhe, Kreisfreie Stadt",1,1,0.7336
5788,"Karlsruhe, Kreisfreie Stadt",9,1,0.2239
5789,"Karlsruhe, Kreisfreie Stadt",6,1,0.6192
5790,Karlsruhe,100,0,0.6777
5791,Karlsruhe,100,4,0.2503
5792,Karlsruhe,100,2,0.3252
5793,Karlsruhe,100,3,0.1155
5794,Karlsruhe,100,1,0.58
5795,Karlsruhe,1,0,0.828
5796,Karlsruhe,11,0,0.6339
5797,Karlsruhe,9,0,0.4184
5798,Karlsruhe,38,0,0.2896
5799,Karlsruhe,6,0,0.7652
5800,Karlsruhe,1,4,0.3356
5801,Karlsruhe,11,4,0.1864
5802,Karlsruhe,9,4,0.1254
5803,Karlsruhe,38,4,0.09
5804,Karlsruhe,6,4,0.2745
5805,Karlsruhe,1,2,0.4142
5806,Karlsruhe,11,2,0.2744
5807,Karlsruhe,9,2,0.1738
5808,Karlsruhe,38,2,0.1465
5809,Karlsruhe,6,2,0.3752
5810,Karlsruhe,1,3,0.1634
5811,Karlsruhe,11,3,0.0799
5812,Karlsruhe,9,3,0.0434
5813,Karlsruhe,38,3,0.03
5814,Karlsruhe,6,3,0.1295
5815,Karlsruhe,1,1,0.7477
5816,Karlsruhe,11,1,0.4967
5817,Karlsruhe,9,1,0.3189
5818,Karlsruhe,38,1,0.1839
5819,Karlsruhe,6,1,0.6494
5820,Rastatt,100,0,0.7582
5821,Rastatt,100,4,0.2731
5822,Rastatt,100,2,0.4046
5823,Rastatt,100,3,0.1408
5824,Rastatt,100,1,0.6657
5825,Rastatt,1,0,0.8686
5826,Rastatt,38,0,0.3161
5827,Rastatt,11,0,0.6823
5828,Rastatt,6,0,0.7716
5829,Rastatt,9,0,0.477
5830,Rastatt,1,4,0.3326
5831,Rastatt,38,4,0.0944
5832,Rastatt,11,4,0.1942
5833,Rastatt,6,4,0.2648
5834,Rastatt,9,4,0.1482
5835,Rastatt,1,2,0.4621
5836,Rastatt,38,2,0.1868
5837,Rastatt,11,2,0.3446
5838,Rastatt,6,2,0.4434
5839,Rastatt,9,2,0.2425
5840,Rastatt,1,3,0.1717
5841,Rastatt,38,3,0.0353
5842,Rastatt,11,3,0.0966
5843,Rastatt,6,3,0.1536
5844,Rastatt,9,3,0.0682
5845,Rastatt,1,1,0.8011
5846,Rastatt,38,1,0.2002
5847,Rastatt,11,1,0.5241
5848,Rastatt,6,1,0.6571
5849,Rastatt,9,1,0.36
5850,"Heidelberg, Kreisfreie Stadt",100,0,0.4304
5851,"Heidelberg, Kreisfreie Stadt",100,4,0.1313
5852,"Heidelberg, Kreisfreie Stadt",100,2,0.1817
5853,"Heidelberg, Kreisfreie Stadt",100,3,0.0475
5854,"Heidelberg, Kreisfreie Stadt",100,1,0.3508
5855,"Heidelberg, Kreisfreie Stadt",11,0,0.4895
5856,"Heidelberg, Kreisfreie Stadt",6,0,0.6437
5857,"Heidelberg, Kreisfreie Stadt",38,0,0.1603
5858,"Heidelberg, Kreisfreie Stadt",9,0,0.2529
5859,"Heidelberg, Kreisfreie Stadt",1,0,0.771
5860,"Heidelberg, Kreisfreie Stadt",11,4,0.1217
5861,"Heidelberg, Kreisfreie Stadt",6,4,0.2005
5862,"Heidelberg, Kreisfreie Stadt",38,4,0.0432
5863,"Heidelberg, Kreisfreie Stadt",9,4,0.0576
5864,"Heidelberg, Kreisfreie Stadt",1,4,0.2876
5865,"Heidelberg, Kreisfreie Stadt",11,2,0.1693
5866,"Heidelberg, Kreisfreie Stadt",6,2,0.2908
5867,"Heidelberg, Kreisfreie Stadt",38,2,0.0717
5868,"Heidelberg, Kreisfreie Stadt",9,2,0.0788
5869,"Heidelberg, Kreisfreie Stadt",1,2,0.3796
5870,"Heidelberg, Kreisfreie Stadt",11,3,0.0262
5871,"Heidelberg, Kreisfreie Stadt",6,3,0.0882
5872,"Heidelberg, Kreisfreie Stadt",38,3,0.0129
5873,"Heidelberg, Kreisfreie Stadt",9,3,0.0155
5874,"Heidelberg, Kreisfreie Stadt",1,3,0.1176
5875,"Heidelberg, Kreisfreie Stadt",11,1,0.3731
5876,"Heidelberg, Kreisfreie Stadt",6,1,0.534
5877,"Heidelberg, Kreisfreie Stadt",38,1,0.093
5878,"Heidelberg, Kreisfreie Stadt",9,1,0.1946
5879,"Heidelberg, Kreisfreie Stadt",1,1,0.6923
5880,"Mannheim, Kreisfreie Stadt",100,0,0.4513
5881,"Mannheim, Kreisfreie Stadt",100,4,0.1481
5882,"Mannheim, Kreisfreie Stadt",100,2,0.2754
5883,"Mannheim, Kreisfreie Stadt",100,3,0.0631
5884,"Mannheim, Kreisfreie Stadt",100,1,0.3093
5885,"Mannheim, Kreisfreie Stadt",6,0,0.7145
5886,"Mannheim, Kreisfreie Stadt",1,0,0.8035
5887,"Mannheim, Kreisfreie Stadt",11,0,0.595
5888,"Mannheim, Kreisfreie Stadt",9,0,0.3427
5889,"Mannheim, Kreisfreie Stadt",38,0,0.2415
5890,"Mannheim, Kreisfreie Stadt",6,4,0.2087
5891,"Mannheim, Kreisfreie Stadt",1,4,0.2947
5892,"Mannheim, Kreisfreie Stadt",11,4,0.1857
5893,"Mannheim, Kreisfreie Stadt",9,4,0.1097
5894,"Mannheim, Kreisfreie Stadt",38,4,0.0837
5895,"Mannheim, Kreisfreie Stadt",6,2,0.3905
5896,"Mannheim, Kreisfreie Stadt",1,2,0.4522
5897,"Mannheim, Kreisfreie Stadt",11,2,0.3648
5898,"Mannheim, Kreisfreie Stadt",9,2,0.218
5899,"Mannheim, Kreisfreie Stadt",38,2,0.1678
5900,"Mannheim, Kreisfreie Stadt",6,3,0.1098
5901,"Mannheim, Kreisfreie Stadt",1,3,0.1364
5902,"Mannheim, Kreisfreie Stadt",11,3,0.077
5903,"Mannheim, Kreisfreie Stadt",9,3,0.0438
5904,"Mannheim, Kreisfreie Stadt",38,3,0.0287
5905,"Mannheim, Kreisfreie Stadt",6,1,0.5865
5906,"Mannheim, Kreisfreie Stadt",1,1,0.7113
5907,"Mannheim, Kreisfreie Stadt",11,1,0.3928
5908,"Mannheim, Kreisfreie Stadt",9,1,0.1987
5909,"Mannheim, Kreisfreie Stadt",38,1,0.1159
5910,Neckar-Odenwald-Kreis,11,0,0.6644
5911,Neckar-Odenwald-Kreis,1,0,0.8752
5912,Neckar-Odenwald-Kreis,9,0,0.4145
5913,Neckar-Odenwald-Kreis,6,0,0.802
5914,Neckar-Odenwald-Kreis,38,4,0.1236
5915,Neckar-Odenwald-Kreis,11,4,0.2211
5916,Neckar-Odenwald-Kreis,1,4,0.4577
5917,Neckar-Odenwald-Kreis,9,4,0.149
5918,Neckar-Odenwald-Kreis,6,4,0.3754
5919,Neckar-Odenwald-Kreis,38,2,0.1965
5920,Neckar-Odenwald-Kreis,11,2,0.3868
5921,Neckar-Odenwald-Kreis,1,2,0.5244
5922,Neckar-Odenwald-Kreis,9,2,0.2131
5923,Neckar-Odenwald-Kreis,6,2,0.5076
5924,Neckar-Odenwald-Kreis,38,3,0.0601
5925,Neckar-Odenwald-Kreis,11,3,0.1244
5926,Neckar-Odenwald-Kreis,1,3,0.2669
5927,Neckar-Odenwald-Kreis,9,3,0.0774
5928,Neckar-Odenwald-Kreis,6,3,0.2445
5929,Neckar-Odenwald-Kreis,38,1,0.1802
5930,Neckar-Odenwald-Kreis,11,1,0.4905
5931,Neckar-Odenwald-Kreis,1,1,0.7925
5932,Neckar-Odenwald-Kreis,9,1,0.2998
5933,Neckar-Odenwald-Kreis,6,1,0.6557
5934,Neckar-Odenwald-Kreis,100,0,0.7986
5935,Neckar-Odenwald-Kreis,100,4,0.3973
5936,Neckar-Odenwald-Kreis,100,2,0.4781
5937,Neckar-Odenwald-Kreis,100,3,0.2326
5938,Neckar-Odenwald-Kreis,100,1,0.6985
5939,Neckar-Odenwald-Kreis,38,0,0.3155
5940,Rhein-Neckar-Kreis,100,0,0.6526
5941,Rhein-Neckar-Kreis,100,4,0.2431
5942,Rhein-Neckar-Kreis,100,2,0.3407
5943,Rhein-Neckar-Kreis,100,3,0.1085
5944,Rhein-Neckar-Kreis,100,1,0.5417
5945,Rhein-Neckar-Kreis,11,0,0.5945
5946,Rhein-Neckar-Kreis,6,0,0.7245
5947,Rhein-Neckar-Kreis,38,0,0.2705
5948,Rhein-Neckar-Kreis,9,0,0.3899
5949,Rhein-Neckar-Kreis,1,0,0.8265
5950,Rhein-Neckar-Kreis,11,4,0.1781
5951,Rhein-Neckar-Kreis,6,4,0.2505
5952,Rhein-Neckar-Kreis,38,4,0.0806
5953,Rhein-Neckar-Kreis,9,4,0.1119
5954,Rhein-Neckar-Kreis,1,4,0.3472
5955,Rhein-Neckar-Kreis,11,2,0.3029
5956,Rhein-Neckar-Kreis,6,2,0.383
5957,Rhein-Neckar-Kreis,38,2,0.1465
5958,Rhein-Neckar-Kreis,9,2,0.1808
5959,Rhein-Neckar-Kreis,1,2,0.4424
5960,Rhein-Neckar-Kreis,11,3,0.0727
5961,Rhein-Neckar-Kreis,6,3,0.1162
5962,Rhein-Neckar-Kreis,38,3,0.0212
5963,Rhein-Neckar-Kreis,9,3,0.0437
5964,Rhein-Neckar-Kreis,1,3,0.1614
5965,Rhein-Neckar-Kreis,11,1,0.433
5966,Rhein-Neckar-Kreis,6,1,0.5978
5967,Rhein-Neckar-Kreis,38,1,0.1653
5968,Rhein-Neckar-Kreis,9,1,0.2909
5969,Rhein-Neckar-Kreis,1,1,0.7331
5970,"Pforzheim, Kreisfreie Stadt",100,0,0.6049
5971,"Pforzheim, Kreisfreie Stadt",100,4,0.2013
5972,"Pforzheim, Kreisfreie Stadt",100,2,0.3114
5973,"Pforzheim, Kreisfreie Stadt",100,3,0.102
5974,"Pforzheim, Kreisfreie Stadt",100,1,0.522
5975,"Pforzheim, Kreisfreie Stadt",38,0,0.1699
5976,"Pforzheim, Kreisfreie Stadt",11,0,0.6376
5977,"Pforzheim, Kreisfreie Stadt",6,0,0.8064
5978,"Pforzheim, Kreisfreie Stadt",1,0,0.8917
5979,"Pforzheim, Kreisfreie Stadt",9,0,0.3174
5980,"Pforzheim, Kreisfreie Stadt",38,4,0.0495
5981,"Pforzheim, Kreisfreie Stadt",11,4,0.1839
5982,"Pforzheim, Kreisfreie Stadt",6,4,0.2515
5983,"Pforzheim, Kreisfreie Stadt",1,4,0.3309
5984,"Pforzheim, Kreisfreie Stadt",9,4,0.0883
5985,"Pforzheim, Kreisfreie Stadt",38,2,0.0752
5986,"Pforzheim, Kreisfreie Stadt",11,2,0.3095
5987,"Pforzheim, Kreisfreie Stadt",6,2,0.4206
5988,"Pforzheim, Kreisfreie Stadt",1,2,0.483
5989,"Pforzheim, Kreisfreie Stadt",9,2,0.1455
5990,"Pforzheim, Kreisfreie Stadt",38,3,0.0107
5991,"Pforzheim, Kreisfreie Stadt",11,3,0.0947
5992,"Pforzheim, Kreisfreie Stadt",6,3,0.13
5993,"Pforzheim, Kreisfreie Stadt",1,3,0.1785
5994,"Pforzheim, Kreisfreie Stadt",9,3,0.0353
5995,"Pforzheim, Kreisfreie Stadt",38,1,0.1136
5996,"Pforzheim, Kreisfreie Stadt",11,1,0.4863
5997,"Pforzheim, Kreisfreie Stadt",6,1,0.7226
5998,"Pforzheim, Kreisfreie Stadt",1,1,0.8281
5999,"Pforzheim, Kreisfreie Stadt",9,1,0.2351
6000,Calw,100,0,0.8106
6001,Calw,100,4,0.3417
6002,Calw,100,2,0.5116
6003,Calw,100,3,0.204
6004,Calw,100,1,0.711
6005,Calw,38,0,0.3246
6006,Calw,6,0,0.7689
6007,Calw,11,0,0.6283
6008,Calw,9,0,0.4419
6009,Calw,1,0,0.8868
6010,Calw,38,4,0.0986
6011,Calw,6,4,0.2883
6012,Calw,11,4,0.2106
6013,Calw,9,4,0.1229
6014,Calw,1,4,0.392
6015,Calw,38,2,0.2106
6016,Calw,6,2,0.5134
6017,Calw,11,2,0.3674
6018,Calw,9,2,0.2483
6019,Calw,1,2,0.5617
6020,Calw,38,3,0.0415
6021,Calw,6,3,0.183
6022,Calw,11,3,0.106
6023,Calw,9,3,0.0607
6024,Calw,1,3,0.2366
6025,Calw,38,1,0.1903
6026,Calw,6,1,0.6247
6027,Calw,11,1,0.4307
6028,Calw,9,1,0.319
6029,Calw,1,1,0.8083
6030,Enzkreis,100,0,0.7371
6031,Enzkreis,100,4,0.2925
6032,Enzkreis,100,2,0.3335
6033,Enzkreis,100,3,0.1352
6034,Enzkreis,100,1,0.6414
6035,Enzkreis,1,0,0.839
6036,Enzkreis,11,0,0.5982
6037,Enzkreis,6,0,0.7319
6038,Enzkreis,38,0,0.2639
6039,Enzkreis,9,0,0.4185
6040,Enzkreis,1,4,0.3519
6041,Enzkreis,11,4,0.1873
6042,Enzkreis,6,4,0.2789
6043,Enzkreis,38,4,0.0863
6044,Enzkreis,9,4,0.1258
6045,Enzkreis,1,2,0.3785
6046,Enzkreis,11,2,0.2636
6047,Enzkreis,6,2,0.356
6048,Enzkreis,38,2,0.1341
6049,Enzkreis,9,2,0.1789
6050,Enzkreis,1,3,0.1633
6051,Enzkreis,11,3,0.0848
6052,Enzkreis,6,3,0.1386
6053,Enzkreis,38,3,0.0239
6054,Enzkreis,9,3,0.0525
6055,Enzkreis,1,1,0.7585
6056,Enzkreis,11,1,0.4543
6057,Enzkreis,6,1,0.6159
6058,Enzkreis,38,1,0.1482
6059,Enzkreis,9,1,0.312
6060,Freudenstadt,100,0,0.818
6061,Freudenstadt,100,4,0.3907
6062,Freudenstadt,100,2,0.5672
6063,Freudenstadt,100,3,0.2837
6064,Freudenstadt,100,1,0.722
6065,Freudenstadt,38,0,0.3081
6066,Freudenstadt,11,0,0.6435
6067,Freudenstadt,1,0,0.9041
6068,Freudenstadt,9,0,0.4107
6069,Freudenstadt,6,0,0.7873
6070,Freudenstadt,38,4,0.1225
6071,Freudenstadt,11,4,0.2324
6072,Freudenstadt,1,4,0.4519
6073,Freudenstadt,9,4,0.1595
6074,Freudenstadt,6,4,0.3174
6075,Freudenstadt,38,2,0.2249
6076,Freudenstadt,11,2,0.4279
6077,Freudenstadt,1,2,0.6319
6078,Freudenstadt,9,2,0.2718
6079,Freudenstadt,6,2,0.5274
6080,Freudenstadt,38,3,0.0699
6081,Freudenstadt,11,3,0.1602
6082,Freudenstadt,1,3,0.3321
6083,Freudenstadt,9,3,0.0878
6084,Freudenstadt,6,3,0.2349
6085,Freudenstadt,38,1,0.1531
6086,Freudenstadt,11,1,0.4411
6087,Freudenstadt,1,1,0.8307
6088,Freudenstadt,9,1,0.2704
6089,Freudenstadt,6,1,0.6607
6090,"Freiburg im Breisgau, Kreisfreie Stadt",100,0,0.5792
6091,"Freiburg im Breisgau, Kreisfreie Stadt",100,4,0.1363
6092,"Freiburg im Breisgau, Kreisfreie Stadt",100,2,0.3415
6093,"Freiburg im Breisgau, Kreisfreie Stadt",100,3,0.0679
6094,"Freiburg im Breisgau, Kreisfreie Stadt",100,1,0.4684
6095,"Freiburg im Breisgau, Kreisfreie Stadt",1,0,0.9011
6096,"Freiburg im Breisgau, Kreisfreie Stadt",9,0,0.3926
6097,"Freiburg im Breisgau, Kreisfreie Stadt",11,0,0.6626
6098,"Freiburg im Breisgau, Kreisfreie Stadt",38,0,0.2538
6099,"Freiburg im Breisgau, Kreisfreie Stadt",6,0,0.8358
6100,"Freiburg im Breisgau, Kreisfreie Stadt",1,4,0.2543
6101,"Freiburg im Breisgau, Kreisfreie Stadt",9,4,0.0748
6102,"Freiburg im Breisgau, Kreisfreie Stadt",11,4,0.1364
6103,"Freiburg im Breisgau, Kreisfreie Stadt",38,4,0.0531
6104,"Freiburg im Breisgau, Kreisfreie Stadt",6,4,0.1949
6105,"Freiburg im Breisgau, Kreisfreie Stadt",1,2,0.5251
6106,"Freiburg im Breisgau, Kreisfreie Stadt",9,2,0.2312
6107,"Freiburg im Breisgau, Kreisfreie Stadt",11,2,0.3784
6108,"Freiburg im Breisgau, Kreisfreie Stadt",38,2,0.1517
6109,"Freiburg im Breisgau, Kreisfreie Stadt",6,2,0.5171
6110,"Freiburg im Breisgau, Kreisfreie Stadt",1,3,0.137
6111,"Freiburg im Breisgau, Kreisfreie Stadt",9,3,0.033
6112,"Freiburg im Breisgau, Kreisfreie Stadt",11,3,0.0638
6113,"Freiburg im Breisgau, Kreisfreie Stadt",38,3,0.0103
6114,"Freiburg im Breisgau, Kreisfreie Stadt",6,3,0.118
6115,"Freiburg im Breisgau, Kreisfreie Stadt",1,1,0.8484
6116,"Freiburg im Breisgau, Kreisfreie Stadt",9,1,0.2638
6117,"Freiburg im Breisgau, Kreisfreie Stadt",11,1,0.4814
6118,"Freiburg im Breisgau, Kreisfreie Stadt",38,1,0.1442
6119,"Freiburg im Breisgau, Kreisfreie Stadt",6,1,0.7441
6120,Breisgau-Hochschwarzwald,100,0,0.6967
6121,Breisgau-Hochschwarzwald,100,4,0.2395
6122,Breisgau-Hochschwarzwald,100,2,0.395
6123,Breisgau-Hochschwarzwald,100,3,0.1363
6124,Breisgau-Hochschwarzwald,100,1,0.6147
6125,Breisgau-Hochschwarzwald,38,0,0.2323
6126,Breisgau-Hochschwarzwald,1,0,0.8836
6127,Breisgau-Hochschwarzwald,11,0,0.6344
6128,Breisgau-Hochschwarzwald,6,0,0.7705
6129,Breisgau-Hochschwarzwald,9,0,0.373
6130,Breisgau-Hochschwarzwald,38,4,0.0519
6131,Breisgau-Hochschwarzwald,1,4,0.3404
6132,Breisgau-Hochschwarzwald,11,4,0.1617
6133,Breisgau-Hochschwarzwald,6,4,0.2282
6134,Breisgau-Hochschwarzwald,9,4,0.0917
6135,Breisgau-Hochschwarzwald,38,2,0.1315
6136,Breisgau-Hochschwarzwald,1,2,0.5218
6137,Breisgau-Hochschwarzwald,11,2,0.3342
6138,Breisgau-Hochschwarzwald,6,2,0.4413
6139,Breisgau-Hochschwarzwald,9,2,0.1699
6140,Breisgau-Hochschwarzwald,38,3,0.0205
6141,Breisgau-Hochschwarzwald,1,3,0.2035
6142,Breisgau-Hochschwarzwald,11,3,0.0763
6143,Breisgau-Hochschwarzwald,6,3,0.1386
6144,Breisgau-Hochschwarzwald,9,3,0.0362
6145,Breisgau-Hochschwarzwald,38,1,0.1518
6146,Breisgau-Hochschwarzwald,1,1,0.8242
6147,Breisgau-Hochschwarzwald,11,1,0.463
6148,Breisgau-Hochschwarzwald,6,1,0.6854
6149,Breisgau-Hochschwarzwald,9,1,0.2932
6150,Emmendingen,100,0,0.6926
6151,Emmendingen,100,4,0.2544
6152,Emmendingen,100,2,0.3525
6153,Emmendingen,100,3,0.1421
6154,Emmendingen,100,1,0.6236
6155,Emmendingen,11,0,0.6834
6156,Emmendingen,1,0,0.8789
6157,Emmendingen,38,0,0.2881
6158,Emmendingen,6,0,0.7799
6159,Emmendingen,9,0,0.4123
6160,Emmendingen,11,4,0.1998
6161,Emmendingen,1,4,0.353
6162,Emmendingen,38,4,0.0963
6163,Emmendingen,6,4,0.2669
6164,Emmendingen,9,4,0.123
6165,Emmendingen,11,2,0.3029
6166,Emmendingen,1,2,0.4747
6167,Emmendingen,38,2,0.137
6168,Emmendingen,6,2,0.4093
6169,Emmendingen,9,2,0.1713
6170,Emmendingen,11,3,0.1026
6171,Emmendingen,1,3,0.2098
6172,Emmendingen,38,3,0.037
6173,Emmendingen,6,3,0.1469
6174,Emmendingen,9,3,0.0528
6175,Emmendingen,11,1,0.5524
6176,Emmendingen,1,1,0.8291
6177,Emmendingen,38,1,0.212
6178,Emmendingen,6,1,0.712
6179,Emmendingen,9,1,0.339
6180,Ortenaukreis,100,0,0.7636
6181,Ortenaukreis,100,4,0.3215
6182,Ortenaukreis,100,2,0.4945
6183,Ortenaukreis,100,3,0.1954
6184,Ortenaukreis,100,1,0.6694
6185,Ortenaukreis,11,0,0.7126
6186,Ortenaukreis,9,0,0.4642
6187,Ortenaukreis,38,0,0.3131
6188,Ortenaukreis,6,0,0.8136
6189,Ortenaukreis,1,0,0.8987
6190,Ortenaukreis,11,4,0.2494
6191,Ortenaukreis,9,4,0.1441
6192,Ortenaukreis,38,4,0.092
6193,Ortenaukreis,6,4,0.3288
6194,Ortenaukreis,1,4,0.4053
6195,Ortenaukreis,11,2,0.4443
6196,Ortenaukreis,9,2,0.2543
6197,Ortenaukreis,38,2,0.1904
6198,Ortenaukreis,6,2,0.5534
6199,Ortenaukreis,1,2,0.5926
6200,Ortenaukreis,11,3,0.1484
6201,Ortenaukreis,9,3,0.0693
6202,Ortenaukreis,38,3,0.0393
6203,Ortenaukreis,6,3,0.2095
6204,Ortenaukreis,1,3,0.2519
6205,Ortenaukreis,11,1,0.5276
6206,Ortenaukreis,9,1,0.3547
6207,Ortenaukreis,38,1,0.1973
6208,Ortenaukreis,6,1,0.6829
6209,Ortenaukreis,1,1,0.8293
6210,Rottweil,100,0,0.8366
6211,Rottweil,100,4,0.4073
6212,Rottweil,100,2,0.5194
6213,Rottweil,100,3,0.2757
6214,Rottweil,100,1,0.7388
6215,Rottweil,9,0,0.4402
6216,Rottweil,38,0,0.2702
6217,Rottweil,6,0,0.7928
6218,Rottweil,11,0,0.6716
6219,Rottweil,1,0,0.9013
6220,Rottweil,9,4,0.1731
6221,Rottweil,38,4,0.1095
6222,Rottweil,6,4,0.3317
6223,Rottweil,11,4,0.2694
6224,Rottweil,1,4,0.4548
6225,Rottweil,9,2,0.281
6226,Rottweil,38,2,0.1722
6227,Rottweil,6,2,0.4943
6228,Rottweil,11,2,0.3949
6229,Rottweil,1,2,0.5606
6230,Rottweil,9,3,0.1007
6231,Rottweil,38,3,0.057
6232,Rottweil,6,3,0.2259
6233,Rottweil,11,3,0.1577
6234,Rottweil,1,3,0.3115
6235,Rottweil,9,1,0.2871
6236,Rottweil,38,1,0.1471
6237,Rottweil,6,1,0.648
6238,Rottweil,11,1,0.4572
6239,Rottweil,1,1,0.8247
6240,Schwarzwald-Baar-Kreis,100,0,0.7503
6241,Schwarzwald-Baar-Kreis,100,4,0.3053
6242,Schwarzwald-Baar-Kreis,100,2,0.4261
6243,Schwarzwald-Baar-Kreis,100,3,0.1673
6244,Schwarzwald-Baar-Kreis,100,1,0.6543
6245,Schwarzwald-Baar-Kreis,9,0,0.3614
6246,Schwarzwald-Baar-Kreis,1,0,0.885
6247,Schwarzwald-Baar-Kreis,11,0,0.5955
6248,Schwarzwald-Baar-Kreis,38,0,0.2715
6249,Schwarzwald-Baar-Kreis,6,0,0.7367
6250,Schwarzwald-Baar-Kreis,9,4,0.1253
6251,Schwarzwald-Baar-Kreis,1,4,0.3829
6252,Schwarzwald-Baar-Kreis,11,4,0.1879
6253,Schwarzwald-Baar-Kreis,38,4,0.071
6254,Schwarzwald-Baar-Kreis,6,4,0.2675
6255,Schwarzwald-Baar-Kreis,9,2,0.1731
6256,Schwarzwald-Baar-Kreis,1,2,0.5123
6257,Schwarzwald-Baar-Kreis,11,2,0.306
6258,Schwarzwald-Baar-Kreis,38,2,0.1575
6259,Schwarzwald-Baar-Kreis,6,2,0.4231
6260,Schwarzwald-Baar-Kreis,9,3,0.0429
6261,Schwarzwald-Baar-Kreis,1,3,0.2158
6262,Schwarzwald-Baar-Kreis,11,3,0.0862
6263,Schwarzwald-Baar-Kreis,38,3,0.0279
6264,Schwarzwald-Baar-Kreis,6,3,0.1584
6265,Schwarzwald-Baar-Kreis,9,1,0.2546
6266,Schwarzwald-Baar-Kreis,1,1,0.8106
6267,Schwarzwald-Baar-Kreis,11,1,0.4199
6268,Schwarzwald-Baar-Kreis,38,1,0.1686
6269,Schwarzwald-Baar-Kreis,6,1,0.6156
6270,Tuttlingen,100,0,0.7961
6271,Tuttlingen,100,4,0.3365
6272,Tuttlingen,100,2,0.5269
6273,Tuttlingen,100,3,0.2191
6274,Tuttlingen,100,1,0.6949
6275,Tuttlingen,1,0,0.8984
6276,Tuttlingen,11,0,0.6226
6277,Tuttlingen,6,0,0.7694
6278,Tuttlingen,9,0,0.428
6279,Tuttlingen,38,0,0.3151
6280,Tuttlingen,1,4,0.4055
6281,Tuttlingen,11,4,0.196
6282,Tuttlingen,6,4,0.2894
6283,Tuttlingen,9,4,0.1322
6284,Tuttlingen,38,4,0.0942
6285,Tuttlingen,1,2,0.5934
6286,Tuttlingen,11,2,0.4133
6287,Tuttlingen,6,2,0.5177
6288,Tuttlingen,9,2,0.2735
6289,Tuttlingen,38,2,0.2208
6290,Tuttlingen,1,3,0.2658
6291,Tuttlingen,11,3,0.1153
6292,Tuttlingen,6,3,0.2129
6293,Tuttlingen,9,3,0.0614
6294,Tuttlingen,38,3,0.0463
6295,Tuttlingen,1,1,0.827
6296,Tuttlingen,11,1,0.4235
6297,Tuttlingen,6,1,0.6411
6298,Tuttlingen,9,1,0.2848
6299,Tuttlingen,38,1,0.1699
6300,Konstanz,38,0,0.2631
6301,Konstanz,9,0,0.3909
6302,Konstanz,11,4,0.2091
6303,Konstanz,1,4,0.394
6304,Konstanz,6,4,0.2804
6305,Konstanz,38,4,0.0918
6306,Konstanz,9,4,0.1233
6307,Konstanz,11,2,0.3205
6308,Konstanz,1,2,0.4882
6309,Konstanz,6,2,0.4337
6310,Konstanz,38,2,0.1267
6311,Konstanz,9,2,0.1907
6312,Konstanz,11,3,0.0899
6313,Konstanz,1,3,0.2143
6314,Konstanz,6,3,0.1559
6315,Konstanz,38,3,0.019
6316,Konstanz,9,3,0.0443
6317,Konstanz,11,1,0.4657
6318,Konstanz,1,1,0.8112
6319,Konstanz,6,1,0.6606
6320,Konstanz,38,1,0.1585
6321,Konstanz,9,1,0.2813
6322,Konstanz,100,0,0.7242
6323,Konstanz,100,4,0.2973
6324,Konstanz,100,2,0.3928
6325,Konstanz,100,3,0.1536
6326,Konstanz,100,1,0.6281
6327,Konstanz,11,0,0.6408
6328,Konstanz,1,0,0.8808
6329,Konstanz,6,0,0.7687
6330,Lörrach,100,0,0.7107
6331,Lörrach,100,4,0.2731
6332,Lörrach,100,2,0.4059
6333,Lörrach,100,3,0.1549
6334,Lörrach,100,1,0.6215
6335,Lörrach,1,0,0.8938
6336,Lörrach,9,0,0.4294
6337,Lörrach,38,0,0.2753
6338,Lörrach,6,0,0.7908
6339,Lörrach,11,0,0.686
6340,Lörrach,1,4,0.388
6341,Lörrach,9,4,0.1182
6342,Lörrach,38,4,0.0819
6343,Lörrach,6,4,0.2981
6344,Lörrach,11,4,0.1805
6345,Lörrach,1,2,0.5271
6346,Lörrach,9,2,0.2126
6347,Lörrach,38,2,0.1548
6348,Lörrach,6,2,0.4652
6349,Lörrach,11,2,0.3693
6350,Lörrach,1,3,0.2306
6351,Lörrach,9,3,0.0538
6352,Lörrach,38,3,0.0282
6353,Lörrach,6,3,0.1593
6354,Lörrach,11,3,0.1015
6355,Lörrach,1,1,0.833
6356,Lörrach,9,1,0.3374
6357,Lörrach,38,1,0.1672
6358,Lörrach,6,1,0.6704
6359,Lörrach,11,1,0.5227
6360,Waldshut,100,0,0.8215
6361,Waldshut,100,4,0.4025
6362,Waldshut,100,2,0.5401
6363,Waldshut,100,3,0.2544
6364,Waldshut,100,1,0.7282
6365,Waldshut,9,0,0.4735
6366,Waldshut,38,0,0.3226
6367,Waldshut,1,0,0.93
6368,Waldshut,6,0,0.8422
6369,Waldshut,11,0,0.7369
6370,Waldshut,9,4,0.1649
6371,Waldshut,38,4,0.121
6372,Waldshut,1,4,0.4865
6373,Waldshut,6,4,0.369
6374,Waldshut,11,4,0.277
6375,Waldshut,9,2,0.2759
6376,Waldshut,38,2,0.2121
6377,Waldshut,1,2,0.615
6378,Waldshut,6,2,0.5751
6379,Waldshut,11,2,0.4755
6380,Waldshut,9,3,0.0787
6381,Waldshut,38,3,0.0483
6382,Waldshut,1,3,0.3135
6383,Waldshut,6,3,0.2463
6384,Waldshut,11,3,0.1635
6385,Waldshut,9,1,0.3397
6386,Waldshut,38,1,0.1855
6387,Waldshut,1,1,0.8674
6388,Waldshut,6,1,0.708
6389,Waldshut,11,1,0.5219
6390,Reutlingen,100,0,0.7025
6391,Reutlingen,100,4,0.2562
6392,Reutlingen,100,2,0.3685
6393,Reutlingen,100,3,0.1261
6394,Reutlingen,100,1,0.6028
6395,Reutlingen,11,0,0.5982
6396,Reutlingen,6,0,0.7302
6397,Reutlingen,1,0,0.8574
6398,Reutlingen,38,0,0.2527
6399,Reutlingen,9,0,0.3721
6400,Reutlingen,11,4,0.1644
6401,Reutlingen,6,4,0.2384
6402,Reutlingen,1,4,0.3398
6403,Reutlingen,38,4,0.0685
6404,Reutlingen,9,4,0.1148
6405,Reutlingen,11,2,0.3413
6406,Reutlingen,6,2,0.4186
6407,Reutlingen,1,2,0.4255
6408,Reutlingen,38,2,0.1458
6409,Reutlingen,9,2,0.2258
6410,Reutlingen,11,3,0.0923
6411,Reutlingen,6,3,0.1504
6412,Reutlingen,1,3,0.1564
6413,Reutlingen,38,3,0.0267
6414,Reutlingen,9,3,0.0627
6415,Reutlingen,11,1,0.4251
6416,Reutlingen,6,1,0.6184
6417,Reutlingen,1,1,0.7848
6418,Reutlingen,38,1,0.1509
6419,Reutlingen,9,1,0.2515
6420,Tübingen,100,0,0.7344
6421,Tübingen,100,4,0.2695
6422,Tübingen,100,2,0.4002
6423,Tübingen,100,3,0.145
6424,Tübingen,100,1,0.6384
6425,Tübingen,11,0,0.6062
6426,Tübingen,1,0,0.8609
6427,Tübingen,9,0,0.402
6428,Tübingen,6,0,0.7127
6429,Tübingen,38,0,0.2818
6430,Tübingen,11,4,0.1742
6431,Tübingen,1,4,0.339
6432,Tübingen,9,4,0.1204
6433,Tübingen,6,4,0.2335
6434,Tübingen,38,4,0.0784
6435,Tübingen,11,2,0.3293
6436,Tübingen,1,2,0.4665
6437,Tübingen,9,2,0.2168
6438,Tübingen,6,2,0.4026
6439,Tübingen,38,2,0.1714
6440,Tübingen,11,3,0.0934
6441,Tübingen,1,3,0.1827
6442,Tübingen,9,3,0.0551
6443,Tübingen,6,3,0.1422
6444,Tübingen,38,3,0.027
6445,Tübingen,11,1,0.4415
6446,Tübingen,1,1,0.7899
6447,Tübingen,9,1,0.2884
6448,Tübingen,6,1,0.5969
6449,Tübingen,38,1,0.1677
6450,Zollernalbkreis,100,0,0.798
6451,Zollernalbkreis,100,4,0.3585
6452,Zollernalbkreis,100,2,0.5226
6453,Zollernalbkreis,100,3,0.2384
6454,Zollernalbkreis,100,1,0.6922
6455,Zollernalbkreis,6,0,0.774
6456,Zollernalbkreis,1,0,0.8898
6457,Zollernalbkreis,38,0,0.2632
6458,Zollernalbkreis,11,0,0.5928
6459,Zollernalbkreis,9,0,0.3911
6460,Zollernalbkreis,6,4,0.3103
6461,Zollernalbkreis,1,4,0.4213
6462,Zollernalbkreis,38,4,0.0897
6463,Zollernalbkreis,11,4,0.1925
6464,Zollernalbkreis,9,4,0.1165
6465,Zollernalbkreis,6,2,0.5245
6466,Zollernalbkreis,1,2,0.5818
6467,Zollernalbkreis,38,2,0.1835
6468,Zollernalbkreis,11,2,0.38
6469,Zollernalbkreis,9,2,0.2489
6470,Zollernalbkreis,6,3,0.2341
6471,Zollernalbkreis,1,3,0.2808
6472,Zollernalbkreis,38,3,0.0328
6473,Zollernalbkreis,11,3,0.1184
6474,Zollernalbkreis,9,3,0.06
6475,Zollernalbkreis,6,1,0.6302
6476,Zollernalbkreis,1,1,0.8073
6477,Zollernalbkreis,38,1,0.1383
6478,Zollernalbkreis,11,1,0.3896
6479,Zollernalbkreis,9,1,0.2377
6480,"Ulm, Kreisfreie Stadt",100,0,0.6736
6481,"Ulm, Kreisfreie Stadt",100,4,0.1794
6482,"Ulm, Kreisfreie Stadt",100,2,0.4104
6483,"Ulm, Kreisfreie Stadt",100,3,0.0892
6484,"Ulm, Kreisfreie Stadt",100,1,0.59
6485,"Ulm, Kreisfreie Stadt",1,0,0.8672
6486,"Ulm, Kreisfreie Stadt",6,0,0.7045
6487,"Ulm, Kreisfreie Stadt",11,0,0.4712
6488,"Ulm, Kreisfreie Stadt",38,0,0.1449
6489,"Ulm, Kreisfreie Stadt",9,0,0.2766
6490,"Ulm, Kreisfreie Stadt",1,4,0.2552
6491,"Ulm, Kreisfreie Stadt",6,4,0.1552
6492,"Ulm, Kreisfreie Stadt",11,4,0.0914
6493,"Ulm, Kreisfreie Stadt",38,4,0.0259
6494,"Ulm, Kreisfreie Stadt",9,4,0.0529
6495,"Ulm, Kreisfreie Stadt",1,2,0.5294
6496,"Ulm, Kreisfreie Stadt",6,2,0.4387
6497,"Ulm, Kreisfreie Stadt",11,2,0.263
6498,"Ulm, Kreisfreie Stadt",38,2,0.0919
6499,"Ulm, Kreisfreie Stadt",9,2,0.1593
6500,"Ulm, Kreisfreie Stadt",1,3,0.1299
6501,"Ulm, Kreisfreie Stadt",6,3,0.0823
6502,"Ulm, Kreisfreie Stadt",11,3,0.0323
6503,"Ulm, Kreisfreie Stadt",38,3,0.0035
6504,"Ulm, Kreisfreie Stadt",9,3,0.0181
6505,"Ulm, Kreisfreie Stadt",1,1,0.7955
6506,"Ulm, Kreisfreie Stadt",6,1,0.5913
6507,"Ulm, Kreisfreie Stadt",11,1,0.3488
6508,"Ulm, Kreisfreie Stadt",38,1,0.0718
6509,"Ulm, Kreisfreie Stadt",9,1,0.2044
6510,Alb-Donau-Kreis,11,2,0.241
6511,Alb-Donau-Kreis,9,2,0.1835
6512,Alb-Donau-Kreis,38,3,0.0157
6513,Alb-Donau-Kreis,1,3,0.1185
6514,Alb-Donau-Kreis,6,3,0.0812
6515,Alb-Donau-Kreis,11,3,0.0534
6516,Alb-Donau-Kreis,9,3,0.0363
6517,Alb-Donau-Kreis,38,1,0.1831
6518,Alb-Donau-Kreis,1,1,0.8359
6519,Alb-Donau-Kreis,6,1,0.6489
6520,Alb-Donau-Kreis,11,1,0.4896
6521,Alb-Donau-Kreis,9,1,0.3297
6522,Alb-Donau-Kreis,100,0,0.792
6523,Alb-Donau-Kreis,100,4,0.335
6524,Alb-Donau-Kreis,100,2,0.2852
6525,Alb-Donau-Kreis,100,3,0.1008
6526,Alb-Donau-Kreis,100,1,0.7343
6527,Alb-Donau-Kreis,38,0,0.2844
6528,Alb-Donau-Kreis,1,0,0.8773
6529,Alb-Donau-Kreis,6,0,0.7167
6530,Alb-Donau-Kreis,11,0,0.6261
6531,Alb-Donau-Kreis,9,0,0.4298
6532,Alb-Donau-Kreis,38,4,0.0965
6533,Alb-Donau-Kreis,1,4,0.3857
6534,Alb-Donau-Kreis,6,4,0.3016
6535,Alb-Donau-Kreis,11,4,0.2029
6536,Alb-Donau-Kreis,9,4,0.1169
6537,Alb-Donau-Kreis,38,2,0.1186
6538,Alb-Donau-Kreis,1,2,0.3138
6539,Alb-Donau-Kreis,6,2,0.2296
6540,Biberach,100,0,0.8676
6541,Biberach,100,4,0.4008
6542,Biberach,100,2,0.5915
6543,Biberach,100,3,0.2732
6544,Biberach,100,1,0.7997
6545,Biberach,38,0,0.3637
6546,Biberach,11,0,0.7145
6547,Biberach,6,0,0.8316
6548,Biberach,9,0,0.5347
6549,Biberach,1,0,0.9441
6550,Biberach,38,4,0.12
6551,Biberach,11,4,0.2393
6552,Biberach,6,4,0.3413
6553,Biberach,9,4,0.1847
6554,Biberach,1,4,0.4576
6555,Biberach,38,2,0.2419
6556,Biberach,11,2,0.4675
6557,Biberach,6,2,0.5706
6558,Biberach,9,2,0.3374
6559,Biberach,1,2,0.6485
6560,Biberach,38,3,0.0591
6561,Biberach,11,3,0.155
6562,Biberach,6,3,0.245
6563,Biberach,9,3,0.0959
6564,Biberach,1,3,0.316
6565,Biberach,38,1,0.2057
6566,Biberach,11,1,0.5248
6567,Biberach,6,1,0.7357
6568,Biberach,9,1,0.3877
6569,Biberach,1,1,0.9038
6570,Bodenseekreis,100,0,0.79
6571,Bodenseekreis,100,4,0.3367
6572,Bodenseekreis,100,2,0.5147
6573,Bodenseekreis,100,3,0.2017
6574,Bodenseekreis,100,1,0.674
6575,Bodenseekreis,9,0,0.4594
6576,Bodenseekreis,11,0,0.6743
6577,Bodenseekreis,38,0,0.3737
6578,Bodenseekreis,6,0,0.7875
6579,Bodenseekreis,1,0,0.8897
6580,Bodenseekreis,9,4,0.1591
6581,Bodenseekreis,11,4,0.2351
6582,Bodenseekreis,38,4,0.1056
6583,Bodenseekreis,6,4,0.3152
6584,Bodenseekreis,1,4,0.4032
6585,Bodenseekreis,9,2,0.2853
6586,Bodenseekreis,11,2,0.4356
6587,Bodenseekreis,38,2,0.226
6588,Bodenseekreis,6,2,0.5104
6589,Bodenseekreis,1,2,0.5841
6590,Bodenseekreis,9,3,0.0718
6591,Bodenseekreis,11,3,0.1364
6592,Bodenseekreis,38,3,0.0465
6593,Bodenseekreis,6,3,0.1967
6594,Bodenseekreis,1,3,0.2456
6595,Bodenseekreis,9,1,0.3283
6596,Bodenseekreis,11,1,0.4625
6597,Bodenseekreis,38,1,0.2459
6598,Bodenseekreis,6,1,0.6534
6599,Bodenseekreis,1,1,0.8015
6600,Ravensburg,100,0,0.7892
6601,Ravensburg,100,2,0.5051
6602,Ravensburg,100,3,0.1741
6603,Ravensburg,100,1,0.6897
6604,Ravensburg,9,0,0.4201
6605,Ravensburg,1,0,0.9034
6606,Ravensburg,6,0,0.7639
6607,Ravensburg,38,0,0.303
6608,Ravensburg,11,0,0.6849
6609,Ravensburg,9,4,0.1267
6610,Ravensburg,1,4,0.3771
6611,Ravensburg,6,4,0.2531
6612,Ravensburg,38,4,0.0834
6613,Ravensburg,11,4,0.1977
6614,Ravensburg,9,2,0.2633
6615,Ravensburg,1,2,0.5831
6616,Ravensburg,6,2,0.4841
6617,Ravensburg,38,2,0.1908
6618,Ravensburg,9,3,0.0545
6619,Ravensburg,1,3,0.2198
6620,Ravensburg,6,3,0.1554
6621,Ravensburg,38,3,0.0248
6622,Ravensburg,11,3,0.0974
6623,Ravensburg,9,1,0.2863
6624,Ravensburg,1,1,0.8342
6625,Ravensburg,6,1,0.6306
6626,Ravensburg,38,1,0.1896
6627,Ravensburg,100,4,0.3062
6628,Ravensburg,11,1,0.4802
6629,Ravensburg,11,2,0.421
6630,Sigmaringen,100,0,0.8313
6631,Sigmaringen,100,4,0.3863
6632,Sigmaringen,100,2,0.4839
6633,Sigmaringen,100,3,0.2149
6634,Sigmaringen,100,1,0.7541
6635,Sigmaringen,6,0,0.7836
6636,Sigmaringen,9,0,0.4564
6637,Sigmaringen,38,0,0.2587
6638,Sigmaringen,1,0,0.9122
6639,Sigmaringen,11,0,0.6873
6640,Sigmaringen,6,4,0.3329
6641,Sigmaringen,9,4,0.1675
6642,Sigmaringen,38,4,0.0967
6643,Sigmaringen,1,4,0.4416
6644,Sigmaringen,11,4,0.2325
6645,Sigmaringen,6,2,0.4697
6646,Sigmaringen,9,2,0.2323
6647,Sigmaringen,38,2,0.1641
6648,Sigmaringen,1,2,0.5316
6649,Sigmaringen,11,2,0.4001
6650,Sigmaringen,6,3,0.1999
6651,Sigmaringen,9,3,0.0713
6652,Sigmaringen,38,3,0.0436
6653,Sigmaringen,1,3,0.2473
6654,Sigmaringen,11,3,0.121
6655,Sigmaringen,6,1,0.6734
6656,Sigmaringen,9,1,0.334
6657,Sigmaringen,38,1,0.1566
6658,Sigmaringen,1,1,0.8568
6659,Sigmaringen,11,1,0.49
